image_id,true_class,predicted_class,confidence,probability_pelvis,probability_thigh,probability_lower_leg,true_fracture,predicted_fracture
pelvis_patient30431_Positive_001.png,pelvis,Thigh,0.682200014591217,0.1365,0.6822,0.1475,True,True
pelvis_patient32392_Negative_001.png,pelvis,Thigh,0.4751000106334686,0.3525,0.4751,0.1225,False,True
pelvis_patient34441_Positive_001.png,pelvis,Thigh,0.6714000105857849,0.2795,0.6714,0.0286,True,True
pelvis_patient15936_Negative_001.png,pelvis,Thigh,0.5249999761581421,0.3285,0.525,0.0667,False,False
pelvis_patient16064_Negative_001.png,pelvis,Lower leg,0.4266999959945678,0.3003,0.1642,0.4267,False,True
pelvis_patient16088_Negative_001.png,pelvis,Lower leg,0.4623999893665313,0.0579,0.2965,0.4624,False,False
pelvis_patient16161_Positive_001.png,pelvis,Thigh,0.4627000093460083,0.1089,0.4627,0.0937,True,False
pelvis_patient16410_Negative_001.png,pelvis,Thigh,0.5162000060081482,0.3435,0.5162,0.0978,False,False
pelvis_patient16581_Negative_001.png,pelvis,Thigh,0.4356000125408172,0.2514,0.4356,0.1181,False,False
pelvis_patient16612_Negative_001.png,pelvis,Arm,0.5073999762535095,0.1174,0.1512,0.0243,False,False
pelvis_patient17006_Negative_001.png,pelvis,Thigh,0.6129000186920166,0.2192,0.6129,0.0724,False,True
pelvis_patient17461_Negative_001.png,pelvis,Thigh,0.7034000158309937,0.1879,0.7034,0.0471,False,False
pelvis_patient17479_Negative_001.png,pelvis,Arm,0.4614000022411346,0.1831,0.2392,0.0644,False,True
pelvis_patient17970_Negative_001.png,pelvis,Thigh,0.6917999982833862,0.1784,0.6918,0.0925,False,True
pelvis_patient18122_Negative_001.png,pelvis,Thigh,0.5672000050544739,0.3704,0.5672,0.0406,False,False
pelvis_patient18272_Negative_001.png,pelvis,Thigh,0.3871000111103058,0.3705,0.3871,0.088,False,False
pelvis_patient18627_Negative_001.png,pelvis,Thigh,0.3617999851703644,0.2472,0.3618,0.1765,False,False
pelvis_patient18882_Negative_001.png,pelvis,Thigh,0.4589999914169311,0.3753,0.459,0.0863,False,False
pelvis_patient18961_Negative_001.png,pelvis,Thigh,0.460999995470047,0.1893,0.461,0.2268,False,True
pelvis_patient18984_Negative_001.png,pelvis,Thigh,0.4611000120639801,0.1464,0.4611,0.2822,False,True
pelvis_patient19677_Negative_001.png,pelvis,Thigh,0.536300003528595,0.1627,0.5363,0.1455,False,False
pelvis_patient28876_Positive_001.png,pelvis,Thigh,0.3583999872207641,0.286,0.3584,0.0795,True,True
pelvis_patient28878_Positive_001.png,pelvis,Thigh,0.6622999906539917,0.1763,0.6623,0.1073,True,True
pelvis_patient29075_Positive_001.png,pelvis,Thigh,0.6545000076293945,0.1018,0.6545,0.2162,True,True
pelvis_patient29076_Positive_001.png,pelvis,Thigh,0.4138000011444092,0.2844,0.4138,0.0279,True,True
pelvis_patient29094_Positive_001.png,pelvis,Thigh,0.7930999994277954,0.097,0.7931,0.051,True,True
pelvis_patient29102_Positive_001.png,pelvis,Thigh,0.670199990272522,0.0289,0.6702,0.1574,True,True
pelvis_patient29117_Positive_001.png,pelvis,Thigh,0.5763999819755554,0.1023,0.5764,0.1707,True,True
pelvis_patient30310_Positive_001.png,pelvis,Thigh,0.682200014591217,0.1365,0.6822,0.1475,True,True
pelvis_patient30369_Positive_001.png,pelvis,Thigh,0.6517000198364258,0.1978,0.6517,0.0734,True,True
pelvis_patient30371_Positive_001.png,pelvis,Thigh,0.4857999980449676,0.0049,0.4858,0.3864,True,True
pelvis_patient30422_Positive_001.png,pelvis,Thigh,0.6395000219345093,0.2939,0.6395,0.0483,True,True
pelvis_patient30480_Positive_001.png,pelvis,Thigh,0.4630999863147735,0.4158,0.4631,0.0518,True,True
pelvis_patient30481_Positive_001.png,pelvis,Thigh,0.5684000253677368,0.2637,0.5684,0.1387,True,True
pelvis_patient30521_Positive_001.png,pelvis,Thigh,0.4918000102043152,0.2929,0.4918,0.1695,True,True
pelvis_patient30568_Positive_001.png,pelvis,Thigh,0.6517000198364258,0.1978,0.6517,0.0734,True,True
pelvis_patient30594_Positive_001.png,pelvis,Thigh,0.524399995803833,0.0188,0.5244,0.349,True,True
pelvis_patient32221_Negative_001.png,pelvis,Thigh,0.6395000219345093,0.2939,0.6395,0.0483,False,True
pelvis_patient32240_Negative_001.png,pelvis,Thigh,0.4630999863147735,0.4158,0.4631,0.0518,False,True
pelvis_patient32242_Negative_001.png,pelvis,Thigh,0.5684000253677368,0.2637,0.5684,0.1387,False,True
pelvis_patient32332_Negative_001.png,pelvis,Thigh,0.4918000102043152,0.2929,0.4918,0.1695,False,True
pelvis_patient32498_Negative_001.png,pelvis,Thigh,0.7282000184059143,0.1179,0.7282,0.1182,False,True
pelvis_patient32566_Negative_001.png,pelvis,Thigh,0.4751000106334686,0.3525,0.4751,0.1225,False,True
pelvis_patient33745_Positive_001.png,pelvis,Thigh,0.6714000105857849,0.2795,0.6714,0.0286,True,True
pelvis_patient33783_Positive_001.png,pelvis,Thigh,0.4903999865055084,0.2484,0.4904,0.1355,True,True
pelvis_patient33964_Positive_001.png,pelvis,Thigh,0.5085999965667725,0.3011,0.5086,0.0799,True,True
pelvis_patient33971_Positive_001.png,pelvis,Thigh,0.5759999752044678,0.0564,0.576,0.221,True,True
pelvis_patient34364_Positive_001.png,pelvis,Thigh,0.3253999948501587,0.187,0.3254,0.1837,True,True
pelvis_patient34380_Positive_001.png,pelvis,wrist,0.332500010728836,0.0815,0.2388,0.1651,True,True
pelvis_patient34395_Positive_001.png,pelvis,Thigh,0.7192000150680542,0.0065,0.7192,0.1823,True,True
pelvis_patient34411_Positive_001.png,pelvis,wrist,0.2949000000953674,0.0386,0.2304,0.1932,True,True
pelvis_patient34425_Positive_001.png,pelvis,Lower leg,0.4986999928951263,0.2219,0.1167,0.4987,True,True
pelvis_patient34437_Positive_001.png,pelvis,Thigh,0.290800005197525,0.2473,0.2908,0.2608,True,True
pelvis_patient34822_Positive_001.png,pelvis,Thigh,0.5799000263214111,0.1463,0.5799,0.0383,True,False
pelvis_patient34837_Positive_001.png,pelvis,Thigh,0.5924000144004822,0.1421,0.5924,0.2178,True,True
pelvis_patient35187_Negative_001.png,pelvis,Thigh,0.375,0.3131,0.375,0.2764,False,True
pelvis_patient35369_Positive_001.png,pelvis,Thigh,0.5436999797821045,0.0391,0.5437,0.36,True,True
pelvis_patient37769_Negative_001.png,pelvis,Arm,0.4902999997138977,0.4089,0.0456,0.006,False,False
pelvis_patient40196_Negative_001.png,pelvis,Thigh,0.5320000052452087,0.1318,0.532,0.2514,False,False
pelvis_patient40283_Negative_001.png,pelvis,Thigh,0.5482000112533569,0.3192,0.5482,0.092,False,False
pelvis_patient40344_Negative_001.png,pelvis,Arm,0.5654000043869019,0.2208,0.1001,0.0154,False,False
pelvis_patient45653_Negative_001.png,pelvis,Lower leg,0.4677999913692474,0.1574,0.1686,0.4678,False,False
pelvis_patient45701_Negative_001.png,pelvis,Lower leg,0.5306000113487244,0.0093,0.214,0.5306,False,False
pelvis_patient45794_Negative_001.png,pelvis,Lower leg,0.5637999773025513,0.0724,0.3069,0.5638,False,False
pelvis_patient48378_Negative_001.png,pelvis,Thigh,0.5241000056266785,0.4111,0.5241,0.0339,False,True
pelvis_patient48733_Negative_001.png,pelvis,Thigh,0.5040000081062317,0.3001,0.504,0.1411,False,True
pelvis_patient15938_Negative_001.png,pelvis,Arm,0.4787000119686126,0.2386,0.1205,0.0397,False,False
pelvis_patient16741_Negative_001.png,pelvis,Thigh,0.4749000072479248,0.2808,0.4749,0.0911,False,True
pelvis_patient28867_Positive_001.png,pelvis,Thigh,0.546999990940094,0.0248,0.547,0.2904,True,True
pelvis_patient28879_Positive_001.png,pelvis,Lower leg,0.628600001335144,0.0394,0.1317,0.6286,True,True
pelvis_patient29153_Positive_001.png,pelvis,Thigh,0.557200014591217,0.1035,0.5572,0.1564,True,True
pelvis_patient33056_Positive_001.png,pelvis,Thigh,0.734499990940094,0.0137,0.7345,0.2286,True,True
pelvis_patient33246_Positive_001.png,pelvis,Lower leg,0.4832000136375427,0.027,0.2542,0.4832,True,True
pelvis_patient38436_Positive_001.png,pelvis,wrist,0.194700002670288,0.0654,0.1494,0.1243,True,True
