Task,Category,Accuracy,Precision,Recall_Sensitivity,Specificity,F1_Score,ROC_AUC,PR_AUC,Support
Fracture Detection,Binary Overall,0.76,0.5821917808219178,0.5902777777777778,0.8286516853932584,0.5862068965517241,0.8053409800249688,0.7034417295056898,500
Anatomical Classification,Macro Average,0.722,0.7301863816895846,0.7025133557460439,,0.7017536605264293,,,500
Anatomical Classification,Region: Arm,,0.711864406779661,0.7241379310344828,,0.717948717948718,,,58
Anatomical Classification,Region: Foot,,0.7710843373493976,0.8888888888888888,,0.8258064516129032,,,72
Anatomical Classification,Region: Hand,,0.7236842105263158,0.873015873015873,,0.7913669064748201,,,63
Anatomical Classification,Region: Lower leg,,0.6319444444444444,0.7913043478260869,,0.7027027027027027,,,115
Anatomical Classification,Region: Thigh,,0.75,0.3684210526315789,,0.49411764705882355,,,57
Anatomical Classification,Region: pelvis,,0.9545454545454546,0.875,,0.9130434782608695,,,72
Anatomical Classification,Region: wrist,,0.5681818181818182,0.3968253968253968,,0.4672897196261682,,,63
Fracture by Region,Fracture in Arm,0.896551724137931,0.8333333333333334,0.5,,0.625,0.8604166666666666,,58
Fracture by Region,Fracture in Foot,0.6388888888888888,0.4,0.47619047619047616,,0.43478260869565216,0.6535947712418301,,72
Fracture by Region,Fracture in Hand,0.7777777777777778,0.3333333333333333,0.2727272727272727,,0.3,0.701048951048951,,63
Fracture by Region,Fracture in Lower leg,0.6956521739130435,0.5777777777777777,0.6190476190476191,,0.5977011494252874,0.7876712328767123,,115
Fracture by Region,Fracture in Thigh,0.7894736842105263,0.7352941176470589,0.8928571428571429,,0.8064516129032258,0.9273399014778325,,57
Fracture by Region,Fracture in pelvis,0.8472222222222222,0.625,0.38461538461538464,,0.47619047619047616,0.7196870925684485,,72
Fracture by Region,Fracture in wrist,0.746031746031746,0.5789473684210527,0.5789473684210527,,0.5789473684210527,0.8038277511961722,,63
