split,anatomical_region,fracture_label,image_count,unique_patients,duplicate_count,corrupt_count,avg_width,avg_height,avg_size_kb
test,Arm,Negative,464,464,59,0,512.0,512.0,69.07997710129311
test,Arm,Positive,96,96,17,0,512.0,512.0,112.60408528645833
test,Foot,Negative,502,502,80,0,512.0,512.0,51.68865747945717
test,Foot,Positive,182,182,37,0,512.0,512.0,85.21499935611264
test,Hand,Negative,505,505,333,0,512.0,512.0,46.61039797339109
test,Hand,Positive,98,98,34,0,512.0,512.0,88.04596819196429
test,Lower leg,Negative,694,694,174,0,512.0,512.0,57.396447789085016
test,Lower leg,Positive,405,405,102,0,512.0,512.0,138.22084780092592
test,Thigh,Negative,251,251,138,0,512.0,512.0,67.11615257719123
test,Thigh,Positive,296,296,105,0,512.0,512.0,140.67578784839526
test,pelvis,Negative,573,573,122,0,512.0,512.0,90.80367173865619
test,pelvis,Positive,126,126,36,0,512.0,512.0,164.20755053323413
test,wrist,Negative,409,409,143,0,512.0,512.0,48.3343711797066
test,wrist,Positive,193,193,44,0,512.0,512.0,126.17530561852331
train,Arm,Negative,3694,3694,486,0,512.0,512.0,68.75968843056307
train,Arm,Positive,783,783,139,0,512.0,512.0,118.75596039870689
train,Foot,Negative,3921,3921,588,0,512.0,512.0,51.653382328328235
train,Foot,Positive,1551,1551,291,0,512.0,512.0,85.38255623891844
train,Hand,Negative,3942,3942,2573,0,512.0,512.0,45.80965033017821
train,Hand,Positive,884,884,342,0,512.0,512.0,80.81653991975396
train,Lower leg,Negative,5527,5527,1548,0,512.0,512.0,59.6433385963226
train,Lower leg,Positive,3270,3270,808,0,512.0,512.0,139.9763928707951
train,Thigh,Negative,2169,2169,1198,0,512.0,512.0,63.743414393873906
train,Thigh,Positive,2201,2201,830,0,512.0,512.0,147.83347457476714
train,pelvis,Negative,4598,4598,835,0,512.0,512.0,87.63635747709603
train,pelvis,Positive,988,988,275,0,512.0,512.0,162.52890941295547
train,wrist,Negative,3301,3301,1072,0,512.0,512.0,48.19314104627386
train,wrist,Positive,1515,1515,445,0,512.0,512.0,111.85128339005776
valid,Arm,Negative,460,460,61,0,512.0,512.0,69.5632961107337
valid,Arm,Positive,100,100,9,0,512.0,512.0,119.225517578125
valid,Foot,Negative,503,503,79,0,512.0,512.0,50.226224683151095
valid,Foot,Positive,181,181,40,0,512.0,512.0,81.74922846167127
valid,Hand,Negative,494,494,318,0,512.0,512.0,48.98078702239373
valid,Hand,Positive,109,109,38,0,512.0,512.0,83.1657199684633
valid,Lower leg,Negative,732,732,207,0,512.0,512.0,57.28704667221653
valid,Lower leg,Positive,368,368,94,0,512.0,512.0,136.668921429178
valid,Thigh,Negative,284,284,141,0,512.0,512.0,59.146546269806336
valid,Thigh,Positive,262,262,102,0,512.0,512.0,156.25863624165078
valid,pelvis,Negative,572,572,101,0,512.0,512.0,88.52447040264423
valid,pelvis,Positive,126,126,28,0,512.0,512.0,168.46734716021825
valid,wrist,Negative,415,415,140,0,512.0,512.0,48.148879894578315
valid,wrist,Positive,187,187,51,0,512.0,512.0,109.72911096256685
