epoch,train_loss,val_loss,val_accuracy,val_precision,val_recall,val_specificity,val_f1,val_auc,val_pr_auc,val_fn,val_fp,val_tp,val_tn
1,1.1289498448371886,0.6477270993319425,0.6363636363636364,1.0,0.1111111111111111,1.0,0.2,0.8205128205128204,0.770887445887446,8,0,1,13
2,0.9747359977048986,0.6737289862199263,0.5909090909090909,0.0,0.0,1.0,0.0,0.641025641025641,0.6813732563732564,9,0,0,13
3,0.595292616591734,0.6547527042302218,0.6818181818181818,1.0,0.2222222222222222,1.0,0.36363636363636365,0.6581196581196581,0.7514349847683182,7,0,2,13
4,0.5999321797314812,0.5827997381036932,0.7272727272727273,0.8,0.4444444444444444,0.9230769230769231,0.5714285714285714,0.735042735042735,0.764985994397759,5,1,4,12
5,0.43792000027263867,0.5089696212248369,0.7727272727272727,0.8333333333333334,0.5555555555555556,0.9230769230769231,0.6666666666666666,0.8290598290598291,0.8341269841269843,4,1,5,12
6,0.34722309112548827,0.5311676426367327,0.7727272727272727,0.8333333333333334,0.5555555555555556,0.9230769230769231,0.6666666666666666,0.8547008547008548,0.8603054353054356,4,1,5,12
7,0.31329095048062944,0.626981108026071,0.8181818181818182,0.8571428571428571,0.6666666666666666,0.9230769230769231,0.75,0.7948717948717948,0.8404280904280905,3,1,6,12
8,0.2995865127619575,0.5844187628139149,0.8181818181818182,0.8571428571428571,0.6666666666666666,0.9230769230769231,0.75,0.8376068376068375,0.8707070707070708,3,1,6,12
9,0.2337526980568381,0.5845691778443076,0.8181818181818182,0.8571428571428571,0.6666666666666666,0.9230769230769231,0.75,0.8376068376068376,0.8661375661375663,3,1,6,12
10,0.2540840702021823,0.5630728656595404,0.8181818181818182,0.8571428571428571,0.6666666666666666,0.9230769230769231,0.75,0.8547008547008546,0.881513548180215,3,1,6,12
11,0.21740404297323787,0.5821152505549517,0.8181818181818182,0.8571428571428571,0.6666666666666666,0.9230769230769231,0.75,0.846153846153846,0.8656405323071992,3,1,6,12
12,0.17922554208951838,0.5228325778787787,0.8181818181818182,0.8571428571428571,0.6666666666666666,0.9230769230769231,0.75,0.846153846153846,0.8793490460157127,3,1,6,12
13,0.14015235322363237,0.5734357847408815,0.8181818181818182,0.8571428571428571,0.6666666666666666,0.9230769230769231,0.75,0.846153846153846,0.8793490460157127,3,1,6,12
14,0.1135458181886112,0.5701996121894229,0.8181818181818182,0.8571428571428571,0.6666666666666666,0.9230769230769231,0.75,0.8290598290598291,0.8669170335837004,3,1,6,12
15,0.08457864553612822,0.5531946271657944,0.8636363636363636,1.0,0.6666666666666666,1.0,0.8,0.8290598290598291,0.8669170335837004,3,0,6,13
16,0.12339099417714512,0.5828269103711302,0.8181818181818182,0.8571428571428571,0.6666666666666666,0.9230769230769231,0.75,0.8205128205128206,0.8582750582750585,3,1,6,12
17,0.1279391546459759,0.6074763549999758,0.8181818181818182,0.8571428571428571,0.6666666666666666,0.9230769230769231,0.75,0.829059829059829,0.8639730639730641,3,1,6,12
18,0.08759410477736417,0.6288983808322386,0.8181818181818182,0.8571428571428571,0.6666666666666666,0.9230769230769231,0.75,0.829059829059829,0.8639730639730641,3,1,6,12
19,0.10443901722045505,0.6374439597129822,0.8181818181818182,0.8571428571428571,0.6666666666666666,0.9230769230769231,0.75,0.8376068376068375,0.8707070707070708,3,1,6,12
20,0.07546479851007462,0.5927103446288542,0.8181818181818182,0.8571428571428571,0.6666666666666666,0.9230769230769231,0.75,0.8376068376068375,0.8707070707070708,3,1,6,12
21,0.20428426072877995,0.588971811262044,0.8181818181818182,0.8571428571428571,0.6666666666666666,0.9230769230769231,0.75,0.8376068376068375,0.8707070707070708,3,1,6,12
22,0.11666563433759353,0.6315955689007585,0.8181818181818182,0.8571428571428571,0.6666666666666666,0.9230769230769231,0.75,0.8376068376068375,0.8707070707070708,3,1,6,12
23,0.10263079641496434,0.6393124583092603,0.8181818181818182,0.8571428571428571,0.6666666666666666,0.9230769230769231,0.75,0.8376068376068375,0.8707070707070708,3,1,6,12
24,0.12867420377100217,0.654863716526465,0.8181818181818182,0.8571428571428571,0.6666666666666666,0.9230769230769231,0.75,0.8376068376068375,0.8707070707070708,3,1,6,12
25,0.06758406320038964,0.6123043149709702,0.8181818181818182,0.8571428571428571,0.6666666666666666,0.9230769230769231,0.75,0.8376068376068375,0.8707070707070708,3,1,6,12
