path,filename,region,fracture_label,fracture_target,md5,width,height,strat_key
data/training_curated/Arm/Arm_Negative_005.jpg,Arm_Negative_005.jpg,Arm,Negative,0,de1839c2807f327df88947917a339e0d,699,589,Arm_Negative
data/training_curated/Arm/Arm_Negative_002.jpg,Arm_Negative_002.jpg,Arm,Negative,0,0fa4d2df3dd5369bb22f5be666bbe8f8,966,1224,Arm_Negative
data/training_curated/Arm/Arm_Negative_003.jpg,Arm_Negative_003.jpg,Arm,Negative,0,9fe083cda94be72aea1809e4e5e8754b,572,1174,Arm_Negative
error_analysis/false_negatives/fn_Arm_patient05411_Positive_001.png.png,fn_Arm_patient05411_Positive_001.png.png,Arm,Positive,1,f6c442216b1763eb208f5d8c489cb81f,224,224,Arm_Positive
data/training_curated/Foot/Foot_Negative_001_variant_4.png,Foot_Negative_001_variant_4.png,Foot,Negative,0,654af4d5d1aa80006d81550976cdc803,224,224,Foot_Negative
data/training_curated/Foot/Foot_Negative_003.jpg,Foot_Negative_003.jpg,Foot,Negative,0,f7b5a5ec6fabab15cd43a447fbe3db66,664,1607,Foot_Negative
error_analysis/false_negatives/fn_Foot_patient41150_Positive_001.png.png,fn_Foot_patient41150_Positive_001.png.png,Foot,Positive,1,ce71dd4053864e8fb91b1cba196036ac,224,224,Foot_Positive
data/training_curated/Hand/Hand_Negative_004.jpg,Hand_Negative_004.jpg,Hand,Negative,0,96727060d9bb2c7ff2394caafd1072b0,989,1287,Hand_Negative
data/training_curated/Hand/Hand_Negative_098.jpg,Hand_Negative_098.jpg,Hand,Negative,0,ae0ab6084f97ba8db85fbcb2b39d29bf,999,2120,Hand_Negative
data/training_curated/Hand/Hand_Negative_002.jpg,Hand_Negative_002.jpg,Hand,Negative,0,7af3741cbd393726282b04a6a5f03d84,1019,1480,Hand_Negative
error_analysis/false_negatives/fn_Hand_patient08635_Positive_001.png.png,fn_Hand_patient08635_Positive_001.png.png,Hand,Positive,1,2795235ea6ac32a4dabcb910a71a73bb,224,224,Hand_Positive
error_analysis/false_positives/fp_Lower leg_patient28676_Negative_001.png.png,fp_Lower leg_patient28676_Negative_001.png.png,Lower leg,Negative,0,07cd5658de553016eecd2ddb5cae6745,224,224,Lower leg_Negative
error_analysis/false_positives/fp_Lower leg_patient35108_Negative_001.png.png,fp_Lower leg_patient35108_Negative_001.png.png,Lower leg,Negative,0,8e9113d178c0d7063aae93d616b991ef,224,224,Lower leg_Negative
error_analysis/false_positives/fp_Lower leg_patient28677_Negative_001.png.png,fp_Lower leg_patient28677_Negative_001.png.png,Lower leg,Negative,0,0e88096e662a3986853a541852a1208d,224,224,Lower leg_Negative
error_analysis/false_negatives/fn_Lower leg_patient10984_Positive_001.png.png,fn_Lower leg_patient10984_Positive_001.png.png,Lower leg,Positive,1,37a686982d2162f32057fd554437c60f,224,224,Lower leg_Positive
error_analysis/false_positives/fp_Thigh_patient28762_Negative_001.png.png,fp_Thigh_patient28762_Negative_001.png.png,Thigh,Negative,0,4b87fc82a46088bdc88c58d439aaaf89,224,224,Thigh_Negative
error_analysis/false_positives/fp_Thigh_patient21906_Negative_001.png.png,fp_Thigh_patient21906_Negative_001.png.png,Thigh,Negative,0,f51e822778441752d8de172b3708b88b,224,224,Thigh_Negative
error_analysis/false_positives/fp_Thigh_patient49167_Negative_001.png.png,fp_Thigh_patient49167_Negative_001.png.png,Thigh,Negative,0,1f0725d5997c11c3e4dae3a44ac3f816,224,224,Thigh_Negative
error_analysis/false_positives/fp_Thigh_patient35490_Negative_001.png.png,fp_Thigh_patient35490_Negative_001.png.png,Thigh,Negative,0,202ee5c13b52eed9fbf244a7ce97dd14,224,224,Thigh_Negative
error_analysis/false_negatives/fn_Thigh_patient44294_Positive_001.png.png,fn_Thigh_patient44294_Positive_001.png.png,Thigh,Positive,1,27e84477475218b04f8de6abd450ca8e,224,224,Thigh_Positive
error_analysis/pelvis_misclassified/pelvis_patient32392_Negative_001.png,pelvis_patient32392_Negative_001.png,pelvis,Negative,0,10112d03faca70e286969680eeef6bb6,224,224,pelvis_Negative
error_analysis/pelvis_misclassified/pelvis_patient48733_Negative_001.png,pelvis_patient48733_Negative_001.png,pelvis,Negative,0,d23ec47663460d3317017d36671e0432,224,224,pelvis_Negative
error_analysis/pelvis_misclassified/pelvis_patient16088_Negative_001.png,pelvis_patient16088_Negative_001.png,pelvis,Negative,0,458024ea57543cd2171486a52fb6ce30,224,224,pelvis_Negative
error_analysis/pelvis_misclassified/pelvis_patient16612_Negative_001.png,pelvis_patient16612_Negative_001.png,pelvis,Negative,0,26cd49a0b90a5dd157023e9f20d97e01,224,224,pelvis_Negative
error_analysis/pelvis_misclassified/pelvis_patient45794_Negative_001.png,pelvis_patient45794_Negative_001.png,pelvis,Negative,0,b6f8448e7f889db2f10cbe78887afaeb,224,224,pelvis_Negative
error_analysis/pelvis_misclassified/pelvis_patient18122_Negative_001.png,pelvis_patient18122_Negative_001.png,pelvis,Negative,0,858da87c0acab566951b1e84b1a41afa,224,224,pelvis_Negative
error_analysis/pelvis_misclassified/pelvis_patient18984_Negative_001.png,pelvis_patient18984_Negative_001.png,pelvis,Negative,0,556ebdcb53ccad372f4a76622d17240c,224,224,pelvis_Negative
error_analysis/pelvis_misclassified/pelvis_patient17461_Negative_001.png,pelvis_patient17461_Negative_001.png,pelvis,Negative,0,23d5bee849a79efd205befaf9eaee34e,224,224,pelvis_Negative
error_analysis/pelvis_misclassified/pelvis_patient18882_Negative_001.png,pelvis_patient18882_Negative_001.png,pelvis,Negative,0,77c5fd8a042e61eab6b9017db1164b29,224,224,pelvis_Negative
error_analysis/pelvis_misclassified/pelvis_patient17479_Negative_001.png,pelvis_patient17479_Negative_001.png,pelvis,Negative,0,aa1ddef354dae1e3f367acd118494a96,224,224,pelvis_Negative
error_analysis/pelvis_misclassified/pelvis_patient18961_Negative_001.png,pelvis_patient18961_Negative_001.png,pelvis,Negative,0,df37c91b1bffa030edb85201c51df142,224,224,pelvis_Negative
error_analysis/pelvis_misclassified/pelvis_patient19677_Negative_001.png,pelvis_patient19677_Negative_001.png,pelvis,Negative,0,29ee4aac10d77bf789af93f41dc25596,224,224,pelvis_Negative
error_analysis/pelvis_misclassified/pelvis_patient40283_Negative_001.png,pelvis_patient40283_Negative_001.png,pelvis,Negative,0,f7f172f719353068fb229480e1ad6a5c,224,224,pelvis_Negative
error_analysis/pelvis_misclassified/pelvis_patient15936_Negative_001.png,pelvis_patient15936_Negative_001.png,pelvis,Negative,0,49c78f73886cd7e466538766cde4013f,224,224,pelvis_Negative
error_analysis/pelvis_misclassified/pelvis_patient45653_Negative_001.png,pelvis_patient45653_Negative_001.png,pelvis,Negative,0,90a2b82a4375ad01a418f7523b641038,224,224,pelvis_Negative
error_analysis/pelvis_misclassified/pelvis_patient40344_Negative_001.png,pelvis_patient40344_Negative_001.png,pelvis,Negative,0,d5b3685e3e04d97559ffb12efbc88b43,224,224,pelvis_Negative
error_analysis/pelvis_misclassified/pelvis_patient16581_Negative_001.png,pelvis_patient16581_Negative_001.png,pelvis,Negative,0,616a3bc09c8b3ddaa75373d4444960a1,224,224,pelvis_Negative
error_analysis/pelvis_misclassified/pelvis_patient17970_Negative_001.png,pelvis_patient17970_Negative_001.png,pelvis,Negative,0,f771608139e2fbe6c2a1bbd1a5079cf4,224,224,pelvis_Negative
error_analysis/pelvis_misclassified/pelvis_patient48378_Negative_001.png,pelvis_patient48378_Negative_001.png,pelvis,Negative,0,f498642660c55495c3736c61d4ab7773,224,224,pelvis_Negative
error_analysis/pelvis_misclassified/pelvis_patient15938_Negative_001.png,pelvis_patient15938_Negative_001.png,pelvis,Negative,0,4ef290de5d9919347b342614e666339a,224,224,pelvis_Negative
error_analysis/pelvis_misclassified/pelvis_patient32498_Negative_001.png,pelvis_patient32498_Negative_001.png,pelvis,Negative,0,fe88782d5f5cfe892e941c93ce0c50cb,224,224,pelvis_Negative
error_analysis/pelvis_misclassified/pelvis_patient35187_Negative_001.png,pelvis_patient35187_Negative_001.png,pelvis,Negative,0,a674c165d7c8ebf23121a495b2d3dcc9,224,224,pelvis_Negative
error_analysis/pelvis_misclassified/pelvis_patient16064_Negative_001.png,pelvis_patient16064_Negative_001.png,pelvis,Negative,0,e341871330b6ebc14cbea1ae08cd2459,224,224,pelvis_Negative
error_analysis/pelvis_misclassified/pelvis_patient40196_Negative_001.png,pelvis_patient40196_Negative_001.png,pelvis,Negative,0,79f715614c50387140baa721ba0f664c,224,224,pelvis_Negative
error_analysis/pelvis_misclassified/pelvis_patient16741_Negative_001.png,pelvis_patient16741_Negative_001.png,pelvis,Negative,0,a9052a57f292a4f34c85231201b71010,224,224,pelvis_Negative
error_analysis/pelvis_misclassified/pelvis_patient30310_Positive_001.png,pelvis_patient30310_Positive_001.png,pelvis,Positive,1,2a647b7c7a43ea36c4c53ee91a88396c,224,224,pelvis_Positive
error_analysis/pelvis_misclassified/pelvis_patient29102_Positive_001.png,pelvis_patient29102_Positive_001.png,pelvis,Positive,1,f7352ec6e422c48576f95c6ae68600d4,224,224,pelvis_Positive
error_analysis/pelvis_misclassified/pelvis_patient34395_Positive_001.png,pelvis_patient34395_Positive_001.png,pelvis,Positive,1,dda52c9df88f1040df4ca1bd0a1f8369,224,224,pelvis_Positive
error_analysis/pelvis_misclassified/pelvis_patient29075_Positive_001.png,pelvis_patient29075_Positive_001.png,pelvis,Positive,1,da26ba1d4b895b012d9ead0ae0f7f3df,224,224,pelvis_Positive
error_analysis/pelvis_misclassified/pelvis_patient33056_Positive_001.png,pelvis_patient33056_Positive_001.png,pelvis,Positive,1,6719531a40e2d1bf61e9968834fd38f7,224,224,pelvis_Positive
error_analysis/pelvis_misclassified/pelvis_patient28867_Positive_001.png,pelvis_patient28867_Positive_001.png,pelvis,Positive,1,834f2964632c777d729b55d3b0a9524a,224,224,pelvis_Positive
error_analysis/pelvis_misclassified/pelvis_patient30521_Positive_001.png,pelvis_patient30521_Positive_001.png,pelvis,Positive,1,a52380956b0f7610c7009a7c7bfb335a,224,224,pelvis_Positive
error_analysis/pelvis_misclassified/pelvis_patient34380_Positive_001.png,pelvis_patient34380_Positive_001.png,pelvis,Positive,1,0953641f755cac2cd19efcc2862277bf,224,224,pelvis_Positive
error_analysis/pelvis_misclassified/pelvis_patient34364_Positive_001.png,pelvis_patient34364_Positive_001.png,pelvis,Positive,1,0fed15f14b1bb1cadf4397a37436e9a4,224,224,pelvis_Positive
error_analysis/pelvis_misclassified/pelvis_patient34822_Positive_001.png,pelvis_patient34822_Positive_001.png,pelvis,Positive,1,d5a3625f97670b148d345b0076acf85f,224,224,pelvis_Positive
error_analysis/pelvis_misclassified/pelvis_patient35369_Positive_001.png,pelvis_patient35369_Positive_001.png,pelvis,Positive,1,da3eb74114d5920480c6cf51d20b1cf3,224,224,pelvis_Positive
error_analysis/pelvis_misclassified/pelvis_patient34837_Positive_001.png,pelvis_patient34837_Positive_001.png,pelvis,Positive,1,74408939c027e56d275fea5124cf5c4b,224,224,pelvis_Positive
error_analysis/pelvis_misclassified/pelvis_patient30369_Positive_001.png,pelvis_patient30369_Positive_001.png,pelvis,Positive,1,4183d00212b50b6c310b4703e689d13b,224,224,pelvis_Positive
error_analysis/pelvis_misclassified/pelvis_patient34437_Positive_001.png,pelvis_patient34437_Positive_001.png,pelvis,Positive,1,ad3c28591b83d54c41fdd125965c4231,224,224,pelvis_Positive
error_analysis/false_negatives/fn_pelvis_patient41758_Positive_001.png.png,fn_pelvis_patient41758_Positive_001.png.png,pelvis,Positive,1,0a3bc118875aa2e5f4caf2c6c308f54f,224,224,pelvis_Positive
error_analysis/pelvis_misclassified/pelvis_patient33971_Positive_001.png,pelvis_patient33971_Positive_001.png,pelvis,Positive,1,da8bd44843a04f0fedee9aedd7c586b4,224,224,pelvis_Positive
error_analysis/pelvis_misclassified/pelvis_patient28878_Positive_001.png,pelvis_patient28878_Positive_001.png,pelvis,Positive,1,7da9e2243192ae8e10f37f95c7aa312d,224,224,pelvis_Positive
error_analysis/pelvis_misclassified/pelvis_patient29094_Positive_001.png,pelvis_patient29094_Positive_001.png,pelvis,Positive,1,519a74b2022191eac561c6ce5059dd28,224,224,pelvis_Positive
error_analysis/pelvis_misclassified/pelvis_patient28876_Positive_001.png,pelvis_patient28876_Positive_001.png,pelvis,Positive,1,04adf44e985fe048404ef4b9e28ea05d,224,224,pelvis_Positive
error_analysis/pelvis_misclassified/pelvis_patient29153_Positive_001.png,pelvis_patient29153_Positive_001.png,pelvis,Positive,1,b6f70c97dc7384063156b6d359be9577,224,224,pelvis_Positive
error_analysis/pelvis_misclassified/pelvis_patient33964_Positive_001.png,pelvis_patient33964_Positive_001.png,pelvis,Positive,1,b1c4703350e6c308ffb4b4c3139abc1e,224,224,pelvis_Positive
error_analysis/pelvis_misclassified/pelvis_patient30480_Positive_001.png,pelvis_patient30480_Positive_001.png,pelvis,Positive,1,a00dc6f2a2367452b43caa53e73137eb,224,224,pelvis_Positive
error_analysis/false_negatives/fn_pelvis_patient41735_Positive_001.png.png,fn_pelvis_patient41735_Positive_001.png.png,pelvis,Positive,1,55d0fd9f7dc4e05685c62b292975accf,224,224,pelvis_Positive
error_analysis/pelvis_misclassified/pelvis_patient30481_Positive_001.png,pelvis_patient30481_Positive_001.png,pelvis,Positive,1,4dbb7ed992c1a7191186f0184f8aa85d,224,224,pelvis_Positive
error_analysis/pelvis_misclassified/pelvis_patient33745_Positive_001.png,pelvis_patient33745_Positive_001.png,pelvis,Positive,1,dfd734a89ac892ec2e9a17974e820ddb,224,224,pelvis_Positive
data/training_curated/pelvis/pelvis_Positive_099.webp,pelvis_Positive_099.webp,pelvis,Positive,1,c1ee94bda10c18085e7b364bf1cf0a7a,1600,1529,pelvis_Positive
error_analysis/pelvis_misclassified/pelvis_patient29117_Positive_001.png,pelvis_patient29117_Positive_001.png,pelvis,Positive,1,99d9d73e35b458c1bf15fbc533418a92,224,224,pelvis_Positive
error_analysis/pelvis_misclassified/pelvis_patient33246_Positive_001.png,pelvis_patient33246_Positive_001.png,pelvis,Positive,1,4f2e02d7b9c0094dbdeb8d8225c352f8,224,224,pelvis_Positive
error_analysis/false_negatives/fn_pelvis_patient41799_Positive_001.png.png,fn_pelvis_patient41799_Positive_001.png.png,pelvis,Positive,1,b482b9b964a6b8753cda077452988b00,224,224,pelvis_Positive
error_analysis/pelvis_misclassified/pelvis_patient30371_Positive_001.png,pelvis_patient30371_Positive_001.png,pelvis,Positive,1,33f114513b15224c853692e54764562b,224,224,pelvis_Positive
error_analysis/pelvis_misclassified/pelvis_patient38436_Positive_001.png,pelvis_patient38436_Positive_001.png,pelvis,Positive,1,05c446d9900046114befc23da42595e0,224,224,pelvis_Positive
error_analysis/pelvis_misclassified/pelvis_patient28879_Positive_001.png,pelvis_patient28879_Positive_001.png,pelvis,Positive,1,d91b625a8b5877f4ed799f037392ecf7,224,224,pelvis_Positive
error_analysis/region_errors/reg_wrist_patient23930_Negative_001.png.png,reg_wrist_patient23930_Negative_001.png.png,wrist,Negative,0,ee7b05ab97e57c8a752103e1005275ad,224,224,wrist_Negative
error_analysis/region_errors/reg_wrist_patient08064_Negative_001.png.png,reg_wrist_patient08064_Negative_001.png.png,wrist,Negative,0,498b22719a8489daf4804ed0fa9ea6f7,224,224,wrist_Negative
error_analysis/false_positives/fp_wrist_patient22639_Negative_001.png.png,fp_wrist_patient22639_Negative_001.png.png,wrist,Negative,0,20ff1344fafdbb6fa0e56acf801f2770,224,224,wrist_Negative
error_analysis/region_errors/reg_wrist_patient18966_Negative_001.png.png,reg_wrist_patient18966_Negative_001.png.png,wrist,Negative,0,bfd729cd2f621c0259af3c0c297893fb,224,224,wrist_Negative
error_analysis/region_errors/reg_wrist_patient26058_Negative_001.png.png,reg_wrist_patient26058_Negative_001.png.png,wrist,Negative,0,81d6e107f8e610dbcfea4908ca858e81,224,224,wrist_Negative
error_analysis/region_errors/reg_wrist_patient25759_Negative_001.png.png,reg_wrist_patient25759_Negative_001.png.png,wrist,Negative,0,1e31530b8cd68ab34a2511d9c58cca40,224,224,wrist_Negative
error_analysis/region_errors/reg_wrist_patient40842_Negative_001.png.png,reg_wrist_patient40842_Negative_001.png.png,wrist,Negative,0,94148dd885afdb251e02f2d57618cf2e,224,224,wrist_Negative
data/training_curated/wrist/wrist_Positive_099.jpg,wrist_Positive_099.jpg,wrist,Positive,1,8f66fc08328bfa63d5b320c42b2bd745,809,1296,wrist_Positive
